id;day;treatment;starting_weight;ending_weight;weight_difference;mortality;number_peaks;total_number_cells;total_number_cells_per_mg;cell_viability;total_number_living_cells;total_number_living_cells_per_mg;eleozytes_count;eleozytes_count_per_mg;eleozytes_percent;amoebozytes_count;amoebozytes_count_per_mg;amoebozytes_percent;intermediate_population_count;intermediate_population_count_per_mg;intermediate_population_percent
1;3;ps;0.448;0.352;-0.096;0;2;200566;569.79;70.2;140797.33;399.99;163735;465.16;81.6;29758;84.54;14.8;6146;17.46;3.1
2;1;ps;0.317;0.337;0.020;0;3;10842;32.17;83.6;9063.91;26.90;6585;19.54;60.7;1952;5.79;18.0;2283;6.77;21.1
3;2;additive;0.329;0.364;0.035;0;2;36376;99.93;82.6;30046.58;82.55;24585;67.54;67.6;5415;14.88;14.9;6322;17.37;17.4
4;1;mock;0.247;0.243;-0.004;0;2;387083;1592.93;77.0;298053.91;1226.56;320312;1318.16;82.8;52666;216.73;13.6;12779;52.59;3.3
5;3;mock;0.413;0.326;-0.087;0;2;188453;578.08;63.5;119667.66;367.08;73021;223.99;38.7;33345;102.29;17.7;80894;248.14;42.9
6;3;ps;0.229;0.260;0.031;0;3;109373;420.67;73.8;80717.27;310.45;67327;258.95;61.6;16441;63.23;15.0;25384;97.63;23.2
7;2;mock;0.231;0.206;-0.025;0;2;88831;431.22;85.0;75506.35;366.54;73311;355.88;82.5;8600;41.75;9.7;6776;32.89;7.6
8;3;mock;0.278;0.231;-0.047;0;2;143833;622.65;71.0;102121.43;442.08;92021;398.36;64.0;15911;68.88;11.1;35559;153.94;24.7
9;1;additive;0.257;0.265;0.008;0;1;105210;397.02;87.8;92374.38;348.58;85973;324.43;81.7;3649;13.77;3.5;13800;52.08;13.1
10;3;ps;0.425;0.344;-0.081;0;1;132797;386.04;83.8;111283.89;323.50;103896;302.02;78.2;4589;13.34;3.5;22117;64.29;16.7
11;2;additive;0.437;0.530;0.093;0;1;166982;315.06;78.5;131080.87;247.32;141104;266.23;84.5;3399;6.41;2.0;21238;40.07;12.7
12;1;additive;0.233;0.276;0.043;0;2;222562;806.38;85.4;190067.95;688.65;201108;728.65;90.4;13165;47.70;5.9;7170;25.98;3.2
13;3;additive;0.326;0.249;-0.077;0;2;153745;617.45;71.7;110235.17;442.71;98229;394.49;63.9;10257;41.19;6.7;45125;181.22;29.4
14;2;mock;0.258;0.245;-0.013;0;2;330831;1350.33;83.3;275582.22;1124.83;304513;1242.91;92.0;17169;70.08;5.2;7478;30.52;2.3
15;1;mock;0.235;0.213;-0.022;0;3;36112;169.54;80.0;28889.60;135.63;26195;122.98;72.5;4190;19.67;11.6;5667;26.61;15.7
16;1;mock;0.274;0.260;-0.014;0;2;96226;370.10;78.0;75056.28;288.68;82071;315.66;85.3;9365;36.02;9.7;4785;18.40;5.0
17;1;ps;0.252;0.259;0.007;0;3;101909;393.47;60.6;61756.85;238.44;38691;149.39;38.0;22385;86.43;22.0;38569;148.92;37.8
18;2;ps;0.403;0.468;0.065;0;2;161379;344.83;80.7;130232.85;278.28;138565;296.08;85.9;17204;36.76;10.7;4699;10.04;2.9
19;3;additive;0.323;0.241;-0.082;0;3;127092;527.35;51.3;65198.20;270.53;59715;247.78;47.0;20166;83.68;15.9;47122;195.53;37.1
20;1;ps;0.284;0.265;-0.019;0;3;94410;356.26;83.3;78643.53;296.77;74609;281.54;79.0;5435;20.51;5.8;12313;46.46;13.0
21;3;mock;0.373;0.306;-0.067;0;1;161368;527.35;89.6;144585.73;472.50;142918;467.05;88.6;1730;5.65;1.1;12854;42.01;8.0
22;2;mock;0.238;0.253;0.015;0;1;133511;527.71;95.6;127623.16;504.44;102874;406.62;77.1;2311;9.13;1.7;26070;103.04;19.5
23;3;additive;0.373;0.411;0.038;0;2;81975;199.45;88.2;72301.95;175.92;62945;153.15;76.8;4609;11.21;5.6;12301;29.93;15.0
24;2;ps;0.246;0.273;0.027;0;2;213097;780.58;82.4;175591.93;643.19;179467;657.39;84.2;18528;67.87;8.7;14891;54.55;7.0
25;2;mock;0.297;0.348;0.051;0;2;182478;524.36;72.0;131384.16;377.54;102984;295.93;56.4;19304;55.47;10.6;60010;172.44;32.9
26;1;additive;0.323;0.324;0.001;0;2;50299;155.24;63.6;31990.16;98.74;29511;91.08;58.7;3932;12.14;7.8;16741;51.67;33.3
27;1;mock;0.220;0.236;0.016;0;3;119623;506.88;70.6;84453.84;357.86;81847;346.81;68.4;10567;44.78;8.8;26911;114.03;22.5
28;2;ps;0.308;0.307;-0.001;0;3;59187;192.79;57.6;34091.71;111.05;33675;109.69;56.9;3198;10.42;5.4;22182;72.25;37.5
29;3;additive;0.336;0.306;-0.031;0;1;44864;146.61;91.2;40911.48;133.70;35705;116.68;79.6;1281;4.19;2.9;6523;21.32;14.5
30;1;ps;0.219;0.209;-0.010;0;3;197445;944.71;68.5;135249.83;647.13;126091;603.31;63.9;26015;124.47;13.2;45180;216.17;22.9
31;2;additive;0.292;0.259;-0.033;0;2;142432;549.93;83.5;118930.72;459.19;128946;497.86;90.5;9548;36.86;6.7;3218;12.42;2.3
32;3;ps;0.418;0.293;-0.125;0;2;144999;494.88;82.3;119334.18;407.28;106233;362.57;73.3;9135;31.18;6.3;29622;101.10;20.4
33;2;additive;0.233;0.245;0.012;0;3;79486;324.43;76.7;60965.76;248.84;47255;192.88;59.5;8722;35.60;11.0;23324;95.20;29.3
34;3;mock;0.259;0.242;-0.017;0;2;168587;696.64;86.1;145153.41;599.81;146896;607.01;87.1;15944;65.88;9.5;5082;21.00;3.0
35;1;additive;0.229;0.226;-0.003;0;2;54204;239.84;77.1;41791.28;184.92;35452;156.87;65.4;6437;28.48;11.9;11500;50.88;21.2
36;2;ps;0.246;0.264;0.018;0;2;129850;491.86;69.3;89986.05;340.86;104258;394.92;80.3;15099;57.19;11.6;9941;37.66;7.7
37;7;ps;0.350;0.290;-0.061;0;2;207026;713.88;89.6;185495.30;639.64;184739;637.03;89.2;6816;23.50;3.3;14209;49.00;6.9
38;6;ps;0.422;0.278;-0.144;0;2;80810;290.68;78.8;63678.28;229.06;51657;185.82;63.9;14668;52.76;18.2;14040;50.50;17.4
39;7;mock;0.288;0.204;-0.085;0;3;20467;100.33;72.4;14818.11;72.64;11037;54.10;53.9;3323;16.29;16.2;6092;29.86;29.8
40;7;ps;0.282;0.233;-0.050;0;2;54956;235.86;84.0;46163.04;198.12;44444;190.75;80.9;3830;16.44;7.0;5811;24.94;10.6
41;7;additive;0.316;0.215;-0.101;0;1;196197;912.54;75.0;147147.75;684.41;129775;603.60;66.1;19151;89.07;9.8;46651;216.98;23.8
42;5;mock;0.290;0.301;0.011;0;1;46265;153.70;90.7;41971.61;139.44;30721;102.06;66.4;2248;7.47;4.9;12105;40.22;26.2
43;7;mock;0.288;0.241;-0.047;0;1;221384;918.61;94.2;208543.73;865.33;182002;755.20;82.2;3310;13.73;1.5;33561;139.26;15.2
44;7;mock;0.280;0.228;-0.052;0;2;122559;537.54;74.1;90816.22;398.32;90520;397.02;73.9;13503;59.22;11.0;18308;80.30;14.9
45;5;additive;0.363;0.322;-0.041;0;3;198266;615.73;74.1;146915.11;456.26;135312;420.22;68.2;24853;77.18;12.5;37036;115.02;18.7
46;5;ps;0.232;0.213;-0.019;0;3;181874;853.87;74.5;135496.13;636.13;124315;583.64;68.4;17083;80.20;9.4;39698;186.38;21.8
47;7;ps;0.286;0.207;-0.079;0;2;51071;246.72;74.2;37894.68;183.07;25446;122.93;49.8;8925;43.12;17.5;16688;80.62;32.7
48;6;mock;0.272;0.220;-0.052;0;1;62254;282.97;91.9;57198.98;260.00;50927;231.49;81.8;1750;7.95;2.8;8141;37.00;13.1
49;7;ps;0.221;0.189;-0.032;0;2;162134;857.85;78.5;127275.19;673.41;110456;584.42;68.1;25149;133.06;15.5;26157;138.40;16.1
50;6;ps;0.291;0.227;-0.065;0;2;156841;690.93;77.3;121238.09;534.09;127910;563.48;81.6;16313;71.86;10.4;11485;50.59;7.3
51;6;ps;0.339;NA;NA;1;NA;NA;NA;NA;NA;NA;NA;NA;NA;NA;NA;NA;NA;NA;NA
52;6;mock;0.332;0.314;-0.018;0;1;201504;641.73;93.8;189010.75;601.95;182375;580.81;90.5;1192;3.80;0.6;16233;51.70;8.1
53;6;additive;0.302;0.283;-0.019;0;1;39382;139.16;86.6;34104.81;120.51;20053;70.86;50.9;2787;9.85;7.1;14324;50.61;36.4
54;5;mock;0.321;0.261;-0.060;0;2;347654;1332.01;78.6;273256.04;1046.96;284184;1088.83;81.7;35323;135.34;10.2;25729;98.58;7.4
55;6;additive;0.211;0.214;0.003;0;3;40612;189.78;78.8;32002.26;149.54;25580;119.53;63.0;5982;27.95;14.7;9009;42.10;22.2
56;6;mock;0.223;0.208;-0.015;0;1;257849;1239.66;90.9;234358.96;1126.73;224040;1077.12;86.9;1608;7.73;0.6;30971;148.90;12.0
57;6;additive;0.399;0.252;-0.148;0;1;51771;205.44;89.6;46386.82;184.07;39565;157.00;76.4;1556;6.17;3.0;9367;37.17;18.1
58;5;additive;0.294;0.315;0.021;0;3;210087;666.94;72.9;153153.42;486.20;157185;499.00;74.8;19574;62.14;9.3;33213;105.44;15.8
59;7;mock;0.333;0.240;-0.093;0;3;42416;176.73;73.6;31218.18;130.08;19474;81.14;45.9;8221;34.25;19.4;14728;61.37;34.7
60;6;additive;0.210;0.230;0.020;0;2;146994;639.10;61.5;90401.31;393.05;74814;325.28;50.9;47725;207.50;32.5;23648;102.82;16.1
61;5;additive;0.272;0.268;-0.005;0;3;135056;503.94;72.5;97915.60;365.36;83059;309.92;61.5;17239;64.32;12.8;34017;126.93;25.2
62;5;ps;0.287;0.207;-0.080;0;3;84368;407.57;72.7;61335.54;296.31;45603;220.30;54.1;12639;61.06;15.0;26049;125.84;30.9
63;6;mock;0.448;0.375;-0.073;0;2;195420;521.12;88.8;173532.96;462.75;173687;463.17;88.9;6371;16.99;3.3;14532;38.75;7.4
64;5;ps;0.425;0.317;-0.108;0;2;142083;448.21;64.3;91359.37;288.20;77525;244.56;54.6;11300;35.65;8.0;52684;166.20;37.1
65;5;ps;0.336;0.312;-0.024;0;3;183474;588.06;72.6;133202.12;426.93;109888;352.21;59.9;28874;92.54;15.7;45016;144.28;24.5
66;5;mock;0.384;0.405;0.021;0;1;76899;189.87;83.0;63826.17;157.60;58660;144.84;76.3;2934;7.24;3.8;15075;37.22;19.6
67;5;additive;0.271;0.243;-0.028;0;2;235224;968.00;66.5;156423.96;643.72;203981;839.43;86.7;18036;74.22;7.7;12218;50.28;5.2
68;6;ps;0.200;0.199;-0.001;0;3;65778;330.54;82.8;54464.18;273.69;44438;223.31;67.6;7340;36.88;11.2;13839;69.54;21.0
69;5;mock;0.275;0.228;-0.047;0;2;210750;924.34;86.7;182720.25;801.40;185307;812.75;87.9;5999;26.31;2.9;17979;78.86;8.5
70;7;additive;0.325;0.273;-0.052;0;1;68292;250.15;75.6;51628.75;189.12;47598;174.35;69.7;6102;22.35;8.9;14498;53.11;21.2
71;7;additive;0.266;0.219;-0.047;0;1;71490;326.44;76.0;54332.40;248.09;46713;213.30;65.3;3246;14.82;4.5;21366;97.56;29.9
72;7;additive;0.206;0.151;-0.055;0;1;139184;921.75;63.8;88799.39;588.08;94268;624.29;67.7;4305;28.51;3.1;39087;258.85;28.1
73;8;control;;;;0;2;399731;884.36;84.5;337654.00;747.02;358099;792.25;89.6;32030;70.86;8.0;8540;18.89;2.1
74;8;control;;;;0;2;398312;694.04;80.4;320171.00;557.89;340775;593.79;85.6;32414;56.48;8.1;23683;41.27;6.0
75;8;control;;;;0;2;628000;1430.85;89.9;564723.00;1286.68;586000;1335.16;93.3;25028;57.02;4.0;15912;36.25;2.5
76;8;control;;;;0;2;458000;1272.22;83.9;384287.00;1067.46;401000;1113.89;87.5;42787;118.85;9.3;13890;38.58;3.0
77;8;control;;;;0;2;190778;558.81;69.8;133203.00;390.17;135449;396.75;71.0;40134;117.56;21.0;14967;43.84;7.9
78;8;control;;;;0;2;84542;180.99;88.1;74497.00;159.49;78811;168.72;93.2;4271;9.14;5.1;1173;2.51;1.4
79;8;control;;;;0;2;21268;46.84;83.7;17804.00;39.21;18650;41.07;87.7;1744;3.84;8.2;797;1.76;3.8
80;8;control;;;;0;2;66343;117.23;81.8;54285.00;95.93;60310;106.57;90.9;3767;6.66;5.7;1910;3.38;2.9
