timepoint;particle_concentration;treatment;absorption;relative_metabolic_activity
24;0;control_PS;0.0663;99.48334011
24;0;control_PS;0.068;102.1671012
24;0;control_PS;0.0692;104.0615208
24;0;control_PS;0.0686;103.114311
24;0;control_PS;0.0673;101.0620231
24;0;control_PS;0.0657;98.53613031
24;0;control_PS;0.0648;97.11531562
24;0;control_PS;0.067;100.5884182
24;0;control_PS;0.0642;96.16810582
24;0;control_PS;0.0644;96.48384242
24;0;control_PS;0.0674;101.2198914
72;0;control_PS;0.0703;105.1708086
72;0;control_PS;0.0702;105.0132493
72;0;control_PS;0.0716;107.219079
72;0;control_PS;0.07;104.6981308
72;0;control_PS;0.0704;105.3283678
72;0;control_PS;0.0626;93.03874526
72;0;control_PS;0.063;93.66898231
72;0;control_PS;0.0645;96.03237127
72;0;control_PS;0.0651;96.97772685
72;0;control_PS;0.0647;96.34748979
72;0;control_PS;0.0648;96.50504906
72;0;control_PS;NA;NA
144;0;control_PS;0.0603;88.94601542
144;0;control_PS;0.0606;89.40874036
144;0;control_PS;0.0651;96.3496144
144;0;control_PS;0.0636;94.03598972
144;0;control_PS;0.063;93.11053985
144;0;control_PS;0.0642;94.96143959
144;0;control_PS;0.0724;107.6092545
144;0;control_PS;0.0825;123.1876607
144;0;control_PS;0.071;105.4498715
144;0;control_PS;0.0691;102.5192802
144;0;control_PS;0.0653;96.65809769
144;0;control_PS;0.0725;107.7634961
24;0;control_PS_Irgafos;0.129;100.193722
24;0;control_PS_Irgafos;0.1346;104.6134529
24;0;control_PS_Irgafos;0.1369;106.4286996
24;0;control_PS_Irgafos;0.1338;103.9820628
24;0;control_PS_Irgafos;0.1336;103.8242152
24;0;control_PS_Irgafos;0.1312;101.9300448
24;0;control_PS_Irgafos;0.1239;96.16860987
24;0;control_PS_Irgafos;0.1228;95.30044843
24;0;control_PS_Irgafos;0.1208;93.72197309
24;0;control_PS_Irgafos;0.129;100.193722
24;0;control_PS_Irgafos;0.1207;93.64304933
72;0;control_PS_Irgafos;0.1011;93.24335054
72;0;control_PS_Irgafos;0.1086;100.3890433
72;0;control_PS_Irgafos;0.1056;97.53076618
72;0;control_PS_Irgafos;0.1062;98.1024216
72;0;control_PS_Irgafos;0.1077;99.53156014
72;0;control_PS_Irgafos;0.11;101.7229059
72;0;control_PS_Irgafos;0.1105;102.1992854
72;0;control_PS_Irgafos;0.1123;103.9142517
72;0;control_PS_Irgafos;0.112;103.628424
72;0;control_PS_Irgafos;0.1108;102.4851131
72;0;control_PS_Irgafos;0.1072;99.05518063
72;0;control_PS_Irgafos;0.1063;98.1976975
144;0;control_PS_Irgafos;0.1124;93.1691088
144;0;control_PS_Irgafos;0.1245;103.4472995
144;0;control_PS_Irgafos;0.1161;96.31202662
144;0;control_PS_Irgafos;0.1138;94.35832095
144;0;control_PS_Irgafos;0.1184;98.26573229
144;0;control_PS_Irgafos;0.1138;94.35832095
144;0;control_PS_Irgafos;0.1243;103.277412
144;0;control_PS_Irgafos;0.1239;102.9376371
144;0;control_PS_Irgafos;0.1282;106.5902173
144;0;control_PS_Irgafos;0.127;105.5708926
144;0;control_PS_Irgafos;0.1224;101.6634813
144;0;control_PS_Irgafos;0.1205;100.0495505
24;1;PS;0.072;108.4818332
24;1;PS;0.0784;118.5854044
24;1;PS;0.0769;116.2173799
24;1;PS;0.0757;114.3229603
24;1;PS;0.0762;115.1123018
24;1;PS;0.0751;113.3757505
24;1;PS_Irgafos;0.095;73.35964126
24;1;PS_Irgafos;0.0948;73.20179372
24;1;PS_Irgafos;0.0968;74.78026906
24;1;PS_Irgafos;0.094;72.57040359
24;1;PS_Irgafos;0.0924;71.30762332
24;1;PS_Irgafos;0.0911;70.28161435
72;1;PS;0.0685;102.3347418
72;1;PS;0.0761;114.3092459
72;1;PS;0.0763;114.6243644
72;1;PS;0.073;109.4249087
72;1;PS;0.0719;107.6917568
72;1;PS;0.0695;103.9103345
72;1;PS_Irgafos;0.1199;111.1552203
72;1;PS_Irgafos;0.0946;87.05041683
72;1;PS_Irgafos;0.0971;89.43231441
72;1;PS_Irgafos;0.0966;88.95593489
72;1;PS_Irgafos;NA;NA
72;1;PS_Irgafos;0.1008;92.95752283
144;1;PS;0.1021;153.4190231
144;1;PS;0.094;140.9254499
144;1;PS;0.0979;146.940874
144;1;PS;0.0488;71.20822622
144;1;PS;0.0944;141.5424165
144;1;PS;0.0987;148.1748072
144;1;PS_Irgafos;0.1009;83.40058045
144;1;PS_Irgafos;0.101;83.48552417
144;1;PS_Irgafos;0.0998;82.46619948
144;1;PS_Irgafos;0.1068;88.41226021
144;1;PS_Irgafos;0.0996;82.29631203
144;1;PS_Irgafos;0.0987;81.5318185
24;10;PS;0.0694;104.3772574
24;10;PS;0.0731;110.2183845
24;10;PS;0.0727;109.5869113
24;10;PS;0.0716;107.85036
24;10;PS;0.0711;107.0610185
24;10;PS;0.0685;102.9564427
24;10;PS_Irgafos;0.1043;80.69955157
24;10;PS_Irgafos;0.1053;81.48878924
24;10;PS_Irgafos;0.1042;80.6206278
24;10;PS_Irgafos;0.1061;82.12017937
24;10;PS_Irgafos;0.1046;80.93632287
24;10;PS_Irgafos;0.1019;78.80538117
72;10;PS;0.0654;97.45040464
72;10;PS;0.0688;102.8074196
72;10;PS;0.0699;104.5405715
72;10;PS;0.0685;102.3347418
72;10;PS;0.0695;103.9103345
72;10;PS;0.0684;102.1771826
72;10;PS_Irgafos;0.0775;70.7582374
72;10;PS_Irgafos;0.0788;71.99682414
72;10;PS_Irgafos;0.0776;70.8535133
72;10;PS_Irgafos;0.08;73.14013497
72;10;PS_Irgafos;0.0787;71.90154823
72;10;PS_Irgafos;0.0795;72.66375546
144;10;PS;0.0832;124.2673522
144;10;PS;0.0853;127.5064267
144;10;PS;0.0885;132.4421594
144;10;PS;0.0894;133.8303342
144;10;PS;0.0831;124.1131105
144;10;PS;0.0832;124.2673522
144;10;PS_Irgafos;0.1086;89.94124726
144;10;PS_Irgafos;0.1128;93.5088837
144;10;PS_Irgafos;0.1095;90.70574078
144;10;PS_Irgafos;0.1163;96.48191407
144;10;PS_Irgafos;0.1035;85.60911729
144;10;PS_Irgafos;0.1038;85.86394847
24;25;PS;0.0674;101.2198914
24;25;PS;0.0746;112.586409
24;25;PS;0.0733;110.5341211
24;25;PS;0.0727;109.5869113
24;25;PS;0.0722;108.7975698
24;25;PS;0.073;110.0605162
24;25;PS_Irgafos;0.0817;62.86278027
24;25;PS_Irgafos;0.0822;63.2573991
24;25;PS_Irgafos;0.0816;62.7838565
24;25;PS_Irgafos;0.0807;62.0735426
24;25;PS_Irgafos;0.0811;62.38923767
24;25;PS_Irgafos;0.0751;57.65381166
72;25;PS;0.0744;111.6307384
72;25;PS;0.0809;121.8720905
72;25;PS;0.0739;110.8429421
72;25;PS;0.0738;110.6853828
72;25;PS;0.0725;108.6371124
72;25;PS;0.0717;107.3766383
72;25;PS_Irgafos;0.1186;109.9166336
72;25;PS_Irgafos;0.1252;116.2048432
72;25;PS_Irgafos;0.1231;114.2040492
72;25;PS_Irgafos;0.1175;108.8685987
72;25;PS_Irgafos;0.1185;109.8213577
72;25;PS_Irgafos;0.1135;105.0575625
144;25;PS;0.0746;111.0025707
144;25;PS;0.1042;156.6580977
144;25;PS;0.0905;135.5269923
144;25;PS;0.0815;121.6452442
144;25;PS;0.0852;127.3521851
144;25;PS;0.0834;124.5758355
144;25;PS_Irgafos;0.0944;77.87923834
144;25;PS_Irgafos;0.096;79.23833793
144;25;PS_Irgafos;0.0995;82.2113683
144;25;PS_Irgafos;0.0932;76.85991364
144;25;PS_Irgafos;0.0938;77.36957599
144;25;PS_Irgafos;0.0938;77.36957599
24;50;PS;0.0693;104.2193891
24;50;PS;0.0706;106.271677
24;50;PS;0.0699;105.1665989
24;50;PS;0.0753;113.6914871
24;50;PS;0.0685;102.9564427
24;50;PS;0.0674;101.2198914
24;50;PS_Irgafos;0.1081;83.69865471
24;50;PS_Irgafos;0.1088;84.25112108
24;50;PS_Irgafos;0.1064;82.35695067
24;50;PS_Irgafos;0.1079;83.54080717
24;50;PS_Irgafos;0.1039;80.3838565
24;50;PS_Irgafos;0.0978;75.56950673
72;50;PS;0.0692;103.4376567
72;50;PS;0.0696;104.0678937
72;50;PS;0.0702;105.0132493
72;50;PS;0.0708;105.9586049
72;50;PS;0.0681;101.7045048
72;50;PS;0.0688;102.8074196
72;50;PS_Irgafos;0.0935;86.0023819
72;50;PS_Irgafos;0.0953;87.71734815
72;50;PS_Irgafos;0.0937;86.1929337
72;50;PS_Irgafos;0.0949;87.33624454
72;50;PS_Irgafos;0.0826;75.61730846
72;50;PS_Irgafos;0.0897;82.38189758
144;50;PS;0.0931;139.5372751
144;50;PS;0.0905;135.5269923
144;50;PS;0.096;144.0102828
144;50;PS;0.0999;150.0257069
144;50;PS;0.0952;142.7763496
144;50;PS;0.0941;141.0796915
144;50;PS_Irgafos;0.0875;72.01812133
144;50;PS_Irgafos;0.0903;74.39654562
144;50;PS_Irgafos;0.0908;74.82126425
144;50;PS_Irgafos;0.0926;76.35025129
144;50;PS_Irgafos;0.0904;74.48148935
144;50;PS_Irgafos;0.0895;73.71699582
24;75;PS;0.0668;100.2726816
24;75;PS;0.0682;102.4828378
24;75;PS;0.0657;98.53613031
24;75;PS;0.0672;100.9041548
24;75;PS;0.066;99.00973521
24;75;PS;0.0655;98.22039371
24;75;PS_Irgafos;0.1036;80.1470852
24;75;PS_Irgafos;0.1095;84.80358744
24;75;PS_Irgafos;0.1042;80.6206278
24;75;PS_Irgafos;0.1066;82.51479821
24;75;PS_Irgafos;0.0982;75.88520179
24;75;PS_Irgafos;0.109;84.40896861
72;75;PS;0.0684;102.1771826
72;75;PS;0.0685;102.3347418
72;75;PS;0.07;104.6981308
72;75;PS;0.0708;105.9586049
72;75;PS;0.0707;105.8010456
72;75;PS;0.0656;97.76552317
72;75;PS_Irgafos;0.0821;75.14092894
72;75;PS_Irgafos;0.0837;76.66534339
72;75;PS_Irgafos;0.0827;75.71258436
72;75;PS_Irgafos;0.083;75.99841207
72;75;PS_Irgafos;0.0831;76.09368797
72;75;PS_Irgafos;0.0775;70.7582374
144;75;PS;0.0859;128.4318766
144;75;PS;0.0928;139.0745501
144;75;PS;0.0875;130.8997429
144;75;PS;0.0879;131.5167095
144;75;PS;0.0878;131.3624679
144;75;PS;0.0875;130.8997429
144;75;PS_Irgafos;0.0971;80.17271891
144;75;PS_Irgafos;0.0954;78.72867559
144;75;PS_Irgafos;0.0956;78.89856304
144;75;PS_Irgafos;0.0923;76.09542012
144;75;PS_Irgafos;0.0919;75.75564522
144;75;PS_Irgafos;0.0897;73.88688327
24;125;PS;0.0746;112.586409
24;125;PS;0.0729;109.9026479
24;125;PS;0.057;84.80158825
24;125;PS;0.0717;108.0082283
24;125;PS;0.0714;107.5346234
24;125;PS;0.0704;105.9559404
24;125;PS_Irgafos;0.1017;78.64753363
24;125;PS_Irgafos;0.102;78.88430493
24;125;PS_Irgafos;0.1049;81.17309417
24;125;PS_Irgafos;0.1076;83.30403587
24;125;PS_Irgafos;0.1079;83.54080717
24;125;PS_Irgafos;0.1005;77.70044843
72;125;PS;0.0682;101.862064
72;125;PS;0.0686;102.4923011
72;125;PS;0.0721;108.0068753
72;125;PS;0.0673;100.4440307
72;125;PS;0.0711;106.4312827
72;125;PS;0.0717;107.3766383
72;125;PS_Irgafos;0.0787;71.90154823
72;125;PS_Irgafos;0.0801;73.23541088
72;125;PS_Irgafos;0.082;75.04565304
72;125;PS_Irgafos;0.0675;61.23064708
72;125;PS_Irgafos;0.0785;71.71099643
72;125;PS_Irgafos;0.0773;70.56768559
144;125;PS;0.0843;125.9640103
144;125;PS;0.0872;130.437018
144;125;PS;0.0843;125.9640103
144;125;PS;0.0842;125.8097686
144;125;PS;0.0843;125.9640103
144;125;PS;0.0839;125.3470437
144;125;PS_Irgafos;0.1008;83.31563672
144;125;PS_Irgafos;0.1086;89.94124726
144;125;PS_Irgafos;0.101;83.48552417
144;125;PS_Irgafos;0.0983;81.1920436
144;125;PS_Irgafos;0.0989;81.70170595
144;125;PS_Irgafos;0.0998;82.46619948
24;250;PS;0.0702;105.6402038
24;250;PS;0.0734;110.6919894
24;250;PS;0.0738;111.3234626
24;250;PS;0.0715;107.6924917
24;250;PS;0.0704;105.9559404
24;250;PS;0.069;103.7457842
24;250;PS_Irgafos;0.0827;63.65201794
24;250;PS_Irgafos;0.0844;64.99372197
24;250;PS_Irgafos;0.0804;61.8367713
24;250;PS_Irgafos;0.0837;64.44125561
24;250;PS_Irgafos;0.0841;64.75695067
24;250;PS_Irgafos;0.0828;63.7309417
72;250;PS;0.069;103.1225381
72;250;PS;0.0715;107.0615197
72;250;PS;0.0717;107.3766383
72;250;PS;0.0728;109.1097902
72;250;PS;0.0745;111.7882976
72;250;PS;0.0714;106.9039605
72;250;PS_Irgafos;0.0792;72.37792775
72;250;PS_Irgafos;0.0799;73.04485907
72;250;PS_Irgafos;0.081;74.09289401
72;250;PS_Irgafos;0.0822;75.23620484
72;250;PS_Irgafos;0.0788;71.99682414
72;250;PS_Irgafos;0.0805;73.61651449
144;250;PS;0.0828;123.6503856
144;250;PS;0.0807;120.4113111
144;250;PS;0.0815;121.6452442
144;250;PS;0.0818;122.1079692
144;250;PS;0.0792;118.0976864
144;250;PS;0.082;122.4164524
144;250;PS_Irgafos;0.1073;88.83697883
144;250;PS_Irgafos;0.1165;96.65180151
144;250;PS_Irgafos;0.1156;95.88730799
144;250;PS_Irgafos;0.1079;89.34664118
144;250;PS_Irgafos;0.1073;88.83697883
144;250;PS_Irgafos;0.1072;88.75203511
